<?xml version="1.0" encoding="UTF-8"?>
<configuration debug="false">

	<include
		resource="org/springframework/boot/logging/logback/base.xml" />

	<appender name="FILE"
		class="ch.qos.logback.core.rolling.RollingFileAppender">
		<file>${CATALINA_HOME}/logs/aml-data-capture-portal.log</file>
		<rollingPolicy
			class="ch.qos.logback.core.rolling.TimeBasedRollingPolicy">
			<fileNamePattern>${CATALINA_HOME}/logs/aml-data-capture-portal-%d{yyyy-MM-dd}.log
			</fileNamePattern>
			<maxHistory>30</maxHistory>
		</rollingPolicy>
		<encoder>
			<pattern>%d{ISO8601}-%-4r [%t] %-5p %c{0} %mdc - %m%n</pattern>
		</encoder>
	</appender>
	
	<appender name="Console"
		class="ch.qos.logback.core.ConsoleAppender">
		<layout class="ch.qos.logback.classic.PatternLayout">
			<Pattern>
				%black(%d{ISO8601}) %highlight(%-5level) [%blue(%t)]
				%yellow(%C{1.}): %msg%n%throwable
			</Pattern>
		</layout>
	</appender>

	<logger name="ch.qos.logback" level="OFF" />
	<logger name="org.springframework.web" level="DEBUG" />
	<logger name="org.springframework" level="WARN" />
	<logger name="com.admaxlocal" level="DEBUG" />

	<root level="INFO">
		<appender-ref ref="FILE" />
	</root>

</configuration>
